Image_name,Label
Bilder\00000PORTRAIT_00000_BURST20200112193145840.jpg,nope
Bilder\00000PORTRAIT_00000_BURST20200123092647375.jpg,nope
Bilder\00000PORTRAIT_00000_BURST20200523193045802.jpg,nope
Bilder\023.JPG,nope
Bilder\028.jpg,nope
Bilder\032.JPG,palmtree
Bilder\036.JPG,palmtree
Bilder\10295222_873765872664447_6139990852376371238_o.jpg,nope
Bilder\10608430_843944268979941_2106562515853277705_o.jpg,nope
Bilder\10808073_10152947091749758_938191433_n.jpg,nope
Bilder\10991612_870902366284131_4698480174384260508_o.jpg,nope
Bilder\11080717_898573953516972_7426226399171102221_o.jpg,nope
Bilder\130.JPG,nope
Bilder\134.JPG,palmtree
Bilder\151.JPG,palmtree
Bilder\167.JPG,nope
Bilder\168.JPG,palmtree
Bilder\191662_185181388189569_5408132_o.jpg,nope
Bilder\1973808_898573550183679_2250749955249535106_o.jpg,nope
Bilder\199295_190864547621253_5692184_n.jpg,nope
Bilder\20180330_110320.jpg,nope
Bilder\20190930_073643_HDR.jpg,nope
Bilder\20190930_074642_HDR.jpg,nope
Bilder\20374544_1662578057116554_1637137420869184549_n.jpg,nope
Bilder\20375763_1662578293783197_1004899797856233976_n.jpg,nope
Bilder\418367_348266635214376_1664956444_n.jpg,nope
Bilder\419921_348264711881235_311969887_n.jpg,nope
Bilder\B8A1453C-7647-4A05-99CE-F30C6CBE8224.jpg,nope
Bilder\FB_IMG_1455783195460.jpg,nope
Bilder\FB_IMG_1455783223655.jpg,nope
Bilder\FB_IMG_1455783240938.jpg,nope
Bilder\FB_IMG_1457884575090.jpg,nope
Bilder\FB_IMG_1457884701891.jpg,palmtree
Bilder\FB_IMG_1475824155288.jpg,palmtree
Bilder\FB_IMG_1479079793718.jpg,nope
Bilder\FB_IMG_1482187169019.jpg,palmtree
Bilder\FB_IMG_1488051403542.jpg,palmtree
Bilder\FB_IMG_1494231001342.jpg,nope
Bilder\FB_IMG_1548043220233.jpg,nope
Bilder\FB_IMG_1548043233268.jpg,nope
Bilder\FB_IMG_1577220412468.jpg,palmtree
Bilder\FB_IMG_1577220441893.jpg,nope
Bilder\FB_IMG_1577220473858.jpg,nope
Bilder\FB_IMG_1577220478575.jpg,nope
Bilder\FB_IMG_1577220586860.jpg,palmtree
Bilder\FB_IMG_1577263520135.jpg,nope
Bilder\FB_IMG_1577263524251.jpg,nope
Bilder\FB_IMG_1577263528722.jpg,nope
Bilder\FB_IMG_1577263543615.jpg,nope
Bilder\FB_IMG_1577263571334.jpg,nope
Bilder\FB_IMG_1577263574272.jpg,nope
Bilder\FB_IMG_1577263583268.jpg,nope
Bilder\full-imagedfg.php.jpg,nope
Bilder\GPTempDownload_Original(1).jpg,nope
Bilder\GPTempDownload_Original.jpg,nope
Bilder\IMG-20170312-WA0010.jpg,nope
Bilder\IMG-20170401-WA0001.jpg,nope
Bilder\IMG-20170622-WA0001.jpg,nope
Bilder\IMG-20180421-WA0008.jpg,nope
Bilder\IMG-20180421-WA0011.jpg,nope
Bilder\IMG-20180520-WA0000.jpg,nope
Bilder\IMG-20180603-WA0020.jpg,nope
Bilder\IMG-20180628-WA0006.jpg,nope
Bilder\IMG-20180729-WA0017.jpg,nope
Bilder\IMG-20180909-WA0015.jpg,nope
Bilder\IMG-20181014-WA0011.jpg,palmtree
Bilder\IMG-20181014-WA0015.jpg,nope
Bilder\IMG-20181024-WA0010.jpg,palmtree
Bilder\IMG-20181026-WA0021.jpg,nope
Bilder\IMG-20190527-WA0004.jpg,nope
Bilder\IMG-20190529-WA0006.jpg,nope
Bilder\IMG-20190630-WA0008.jpg,nope
Bilder\IMG-20191004-WA0033.jpg,nope
Bilder\IMG-20191004-WA0085.jpg,nope
Bilder\IMG-20191004-WA0107.jpg,nope
Bilder\IMG-20200308-WA0001.jpg,nope
Bilder\IMG-20200308-WA0001~2.jpg,nope
Bilder\IMG-20200524-WA0010.jpg,nope
Bilder\IMG-20200712-WA0037.jpg,nope
Bilder\IMG-20200712-WA0050.jpg,nope
Bilder\IMG-20200712-WA0062.jpg,nope
Bilder\IMG-20200712-WA0070.jpg,nope
Bilder\IMG-20200825-WA0009.jpg,nope
Bilder\IMG-20200831-WA0007.jpg,nope
Bilder\IMG-20200926-WA0012.jpg,nope
Bilder\IMG-20200926-WA0013.jpg,nope
Bilder\IMG-20200926-WA0024.jpg,nope
Bilder\IMG-20200927-WA0005.jpg,nope
Bilder\IMG-20201011-WA0001.jpg,nope
Bilder\IMG-20201011-WA0012.jpg,nope
Bilder\IMG-20201011-WA0015.jpg,nope
Bilder\IMG-20201011-WA0015~3.jpg,nope
Bilder\IMG-20201018-WA0022.jpg,nope
Bilder\IMG-20201103-WA0001.jpg,nope
Bilder\IMG-20201204-WA0008.jpg,nope
Bilder\IMG-20201213-WA0020.jpg,nope
Bilder\IMG-20210216-WA0005.jpg,nope
Bilder\IMG_0323.JPG,nope
Bilder\IMG_0344.JPG,nope
Bilder\IMG_0346.JPG,nope
Bilder\IMG_0361.JPG,nope
Bilder\IMG_0454.JPG,nope
Bilder\IMG_0463.JPG,nope
Bilder\IMG_0598.JPG,nope
Bilder\IMG_0606.JPG,nope
Bilder\IMG_0763.JPG,nope
Bilder\IMG_0768.JPG,nope
Bilder\IMG_0807.JPG,nope
Bilder\IMG_0812.JPG,nope
Bilder\IMG_0814.JPG,nope
Bilder\IMG_0820.JPG,nope
Bilder\IMG_0821.JPG,nope
Bilder\IMG_0973.JPG,nope
Bilder\IMG_1059.JPG,nope
Bilder\IMG_1063.JPG,nope
Bilder\IMG_1072.JPG,nope
Bilder\IMG_1080.JPG,nope
Bilder\IMG_1089.JPG,nope
Bilder\IMG_1091.JPG,nope
Bilder\IMG_1111.JPG,nope
Bilder\IMG_1112.JPG,nope
Bilder\IMG_1117.JPG,nope
Bilder\IMG_1120.JPG,nope
Bilder\IMG_1121.JPG,nope
Bilder\IMG_1123.JPG,nope
Bilder\IMG_1152.JPG,nope
Bilder\IMG_1155.JPG,nope
Bilder\IMG_1158.JPG,nope
Bilder\IMG_1233.JPG,nope
Bilder\IMG_1242.JPG,nope
Bilder\IMG_1268.JPG,nope
Bilder\IMG_1307.JPG,nope
Bilder\IMG_1323.JPG,nope
Bilder\IMG_1324.JPG,nope
Bilder\IMG_1330.JPG,nope
Bilder\IMG_1340 - Kopie.JPG,nope
Bilder\IMG_1342.JPG,nope
Bilder\IMG_1364.JPG,nope
Bilder\IMG_1370.JPG,nope
Bilder\IMG_1373.JPG,nope
Bilder\IMG_1386.JPG,nope
Bilder\IMG_1388.JPG,nope
Bilder\IMG_1392.JPG,nope
Bilder\IMG_1399.JPG,nope
Bilder\IMG_1405.JPG,nope
Bilder\IMG_1414.JPG,nope
Bilder\IMG_1421.JPG,nope
Bilder\IMG_1431.JPG,nope
Bilder\IMG_1435.JPG,nope
Bilder\IMG_1440.JPG,nope
Bilder\IMG_1480~2.jpg,nope
Bilder\IMG_1493.JPG,palmtree
Bilder\IMG_1505.JPG,nope
Bilder\IMG_1554.JPG,nope
Bilder\IMG_1561.JPG,nope
Bilder\IMG_1562.JPG,palmtree
Bilder\IMG_1563.JPG,palmtree
Bilder\IMG_1566.JPG,nope
Bilder\IMG_1578~3.JPG,palmtree
Bilder\IMG_1583.JPG,palmtree
Bilder\IMG_1585~2.JPG,palmtree
Bilder\IMG_1595.JPG,nope
Bilder\IMG_1607.JPG,nope
Bilder\IMG_1609.JPG,nope
Bilder\IMG_1629.JPG,nope
Bilder\IMG_1629~2.JPG,nope
Bilder\IMG_1634.JPG,nope
Bilder\IMG_1645.JPG,nope
Bilder\IMG_1660.JPG,nope
Bilder\IMG_1691.JPG,nope
Bilder\IMG_1695.JPG,nope
Bilder\IMG_1697.JPG,nope
Bilder\IMG_1699.JPG,nope
Bilder\IMG_1705.JPG,nope
Bilder\IMG_1707.JPG,nope
Bilder\IMG_1710.JPG,nope
Bilder\IMG_1712.JPG,nope
Bilder\IMG_1723.JPG,palmtree
Bilder\IMG_1726.JPG,palmtree
Bilder\IMG_1727.JPG,palmtree
Bilder\IMG_1728.JPG,palmtree
Bilder\IMG_1733.JPG,palmtree
Bilder\IMG_1736.JPG,nope
Bilder\IMG_1738.JPG,palmtree
Bilder\IMG_1739.JPG,palmtree
Bilder\IMG_1746.JPG,nope
Bilder\IMG_1749.JPG,nope
Bilder\IMG_1751 - Kopie.JPG,nope
Bilder\IMG_1753.JPG,nope
Bilder\IMG_1755.JPG,nope
Bilder\IMG_1760.JPG,nope
Bilder\IMG_1761.JPG,nope
Bilder\IMG_1786.JPG,nope
Bilder\IMG_1792.JPG,palmtree
Bilder\IMG_1793.JPG,palmtree
Bilder\IMG_1796.JPG,nope
Bilder\IMG_1799.JPG,palmtree
Bilder\IMG_1815.JPG,nope
Bilder\IMG_1823.JPG,palmtree
Bilder\IMG_1824.JPG,palmtree
Bilder\IMG_1905.JPG,nope
Bilder\IMG_1910.JPG,nope
Bilder\IMG_1911.JPG,nope
Bilder\IMG_1945.JPG,nope
Bilder\IMG_1963.JPG,nope
Bilder\IMG_1997.JPG,nope
Bilder\IMG_2003.JPG,nope
Bilder\IMG_2005.JPG,nope
Bilder\IMG_2007.JPG,nope
Bilder\IMG_20151010_085133.jpg,nope
Bilder\IMG_20151220_163939.jpg,nope
Bilder\IMG_20151220_174318(1).jpg,nope
Bilder\IMG_20151220_174318.jpg,nope
Bilder\IMG_20151222_091151.jpg,palmtree
Bilder\IMG_20151228_122922.jpg,nope
Bilder\IMG_20151228_183230.jpg,nope
Bilder\IMG_20151230_114407.jpg,nope
Bilder\IMG_20160131_131512.jpg,nope
Bilder\IMG_20160201_084214.jpg,nope
Bilder\IMG_20160207_104807.jpg,nope
Bilder\IMG_20160211_115356.jpg,nope
Bilder\IMG_20160212_201401.jpg,nope
Bilder\IMG_20160213_070908.jpg,palmtree
Bilder\IMG_20160214_172327.jpg,nope
Bilder\IMG_20160214_174313.jpg,nope
Bilder\IMG_20160215_171841(1).jpg,palmtree
Bilder\IMG_20160215_171841.jpg,palmtree
Bilder\IMG_20160215_175025.jpg,palmtree
Bilder\IMG_20160313_130322.jpg,nope
Bilder\IMG_20160314_085648.jpg,palmtree
Bilder\IMG_20160317_231947.jpg,nope
Bilder\IMG_20160320_233303.jpg,nope
Bilder\IMG_20160411_221114.jpg,nope
Bilder\IMG_20160411_221643.jpg,nope
Bilder\IMG_20160422_195616.jpg,nope
Bilder\IMG_20160501_111444.jpg,nope
Bilder\IMG_20160522_044021.jpg,nope
Bilder\IMG_20160604_100132.jpg,nope
Bilder\IMG_20160611_101101.jpg,nope
Bilder\IMG_20160625_061153.jpg,nope
Bilder\IMG_20160626_084146.jpg,nope
Bilder\IMG_20160630_205103.jpg,nope
Bilder\IMG_20160630_210746.jpg,nope
Bilder\IMG_20160730_201952.jpg,nope
Bilder\IMG_20160813_072700.jpg,nope
Bilder\IMG_20160813_072737~2.jpg,nope
Bilder\IMG_20160813_072901.jpg,nope
Bilder\IMG_20160911_192634.jpg,nope
Bilder\IMG_20160914_210507.jpg,palmtree
Bilder\IMG_20160914_210643.jpg,nope
Bilder\IMG_20160919_122022.jpg,nope
Bilder\IMG_20160926_155311.jpg,nope
Bilder\IMG_20161115_171821.jpg,nope
Bilder\IMG_20161115_172300.jpg,nope
Bilder\IMG_20161118_112911.jpg,nope
Bilder\IMG_20161118_160631.jpg,nope
Bilder\IMG_20161118_160700.jpg,nope
Bilder\IMG_20161123_154103(1).jpg,nope
Bilder\IMG_20161123_154103.jpg,nope
Bilder\IMG_20161123_235046.jpg,nope
Bilder\IMG_20161227_140940.jpg,nope
Bilder\IMG_20170126_144311_144.jpg,nope
Bilder\IMG_20170211_121435.jpg,nope
Bilder\IMG_20170224_191450.jpg,nope
Bilder\IMG_20170320_140406.jpg,nope
Bilder\IMG_20170320_140511.jpg,nope
Bilder\IMG_20170409_131124_722.jpg,nope
Bilder\IMG_20170416_204524_149.jpg,nope
Bilder\IMG_20170416_204855_893.jpg,nope
Bilder\IMG_20170430_194250.jpg,nope
Bilder\IMG_20170520_154343.jpg,nope
Bilder\IMG_20170522_082537_815.jpg,nope
Bilder\IMG_20170620_143943.jpg,nope
Bilder\IMG_20170621_051957.jpg,nope
Bilder\IMG_20170621_053431.jpg,nope
Bilder\IMG_20170621_075225.jpg,nope
Bilder\IMG_20170621_075233.jpg,nope
Bilder\IMG_20170621_103710.jpg,nope
Bilder\IMG_20170624_184933.jpg,nope
Bilder\IMG_20170628_191136(1).jpg,palmtree
Bilder\IMG_20170628_191136.jpg,palmtree
Bilder\IMG_20170630_100219_466.jpg,nope
Bilder\IMG_20170630_191630(1).jpg,palmtree
Bilder\IMG_20170630_191630.jpg,palmtree
Bilder\IMG_20170715_001538_483.jpg,nope
Bilder\IMG_20170717_105905.jpg,nope
Bilder\IMG_20170727_171232_610.jpg,nope
Bilder\IMG_20170729_150454_550.jpg,nope
Bilder\IMG_20170731_032357.jpg,nope
Bilder\IMG_20170731_032428.jpg,nope
Bilder\IMG_20170731_032448.jpg,nope
Bilder\IMG_20170801_174838(1).jpg,palmtree
Bilder\IMG_20170801_174838.jpg,palmtree
Bilder\IMG_20170803_175906(1).jpg,nope
Bilder\IMG_20170803_175906.jpg,nope
Bilder\IMG_20170808_193314_561.jpg,nope
Bilder\IMG_20170809_164129.jpg,palmtree
Bilder\IMG_20170809_164333.jpg,palmtree
Bilder\IMG_20170811_063450.jpg,nope
Bilder\IMG_20170811_063555.jpg,nope
Bilder\IMG_20170813_161651.jpg,nope
Bilder\IMG_20170815_100744_528.jpg,nope
Bilder\IMG_20170815_161817_834.jpg,nope
Bilder\IMG_20170816_105223_150.jpg,nope
Bilder\IMG_20170817_141557_078.jpg,nope
Bilder\IMG_20170826_080854.jpg,nope
Bilder\IMG_20170902_124001.jpg,nope
Bilder\IMG_20170902_124756.jpg,nope
Bilder\IMG_20170912_211320.jpg,nope
Bilder\IMG_20170930_160430.jpg,nope
Bilder\IMG_20171014_154654.jpg,nope
Bilder\IMG_20171014_155254_313.jpg,nope
Bilder\IMG_20171014_205721_327.jpg,nope
Bilder\IMG_20171028_201120.jpg,nope
Bilder\IMG_20171222_164326_252.jpg,nope
Bilder\IMG_20171222_164745_565.jpg,nope
Bilder\IMG_20171223_133520.jpg,nope
Bilder\IMG_20171223_133630.jpg,nope
Bilder\IMG_20171226_074323.jpg,nope
Bilder\IMG_20171226_074357.jpg,nope
Bilder\IMG_20171226_074718.jpg,nope
Bilder\IMG_20180101_124910.jpg,nope
Bilder\IMG_20180103_181052.jpg,nope
Bilder\IMG_20180107_105531.jpg,nope
Bilder\IMG_20180130_215302(1).jpg,palmtree
Bilder\IMG_20180130_215302.jpg,palmtree
Bilder\IMG_20180308_160419.jpg,nope
Bilder\IMG_20180318_085305.jpg,nope
Bilder\IMG_20180322_085532_837.jpg,nope
Bilder\IMG_20180323_215314.jpg,nope
Bilder\IMG_20180323_232032_816.jpg,nope
Bilder\IMG_20180324_012550_879.jpg,nope
Bilder\IMG_20180330_164508_402.jpg,nope
Bilder\IMG_20180330_164947_245.jpg,nope
Bilder\IMG_20180330_230334_087.jpg,nope
Bilder\IMG_20180331_064103_460.jpg,nope
Bilder\IMG_20180402_224222_524.jpg,nope
Bilder\IMG_20180406_214738_706.jpg,nope
Bilder\IMG_20180407_135950.jpg,nope
Bilder\IMG_20180416_074757.jpg,nope
Bilder\IMG_20180416_230452_209.jpg,nope
Bilder\IMG_20180418_170427.jpg,nope
Bilder\IMG_20180418_173303.jpg,nope
Bilder\IMG_20180418_173310.jpg,nope
Bilder\IMG_20180418_175825.jpg,nope
Bilder\IMG_20180420_172644_132.jpg,nope
Bilder\IMG_20180420_184338.jpg,nope
Bilder\IMG_20180427_062546.jpg,nope
Bilder\IMG_20180427_063455.jpg,nope
Bilder\IMG_20180427_101909.jpg,nope
Bilder\IMG_20180430_063815_755.jpg,palmtree
Bilder\IMG_20180430_164435.jpg,nope
Bilder\IMG_20180430_164726.jpg,nope
Bilder\IMG_20180430_175144_962.jpg,nope
Bilder\IMG_20180501_180124_861.jpg,nope
Bilder\IMG_20180507_200654_984.jpg,nope
Bilder\IMG_20180511_075651_899.jpg,nope
Bilder\IMG_20180512_122949_325.jpg,nope
Bilder\IMG_20180516_150323_009.jpg,nope
Bilder\IMG_20180529_183925_565.jpg,nope
Bilder\IMG_20180604_205905_1.jpg,nope
Bilder\IMG_20180614_200452.jpg,nope
Bilder\IMG_20180621_205522_595.jpg,nope
Bilder\IMG_20180701_121434_746.jpg,nope
Bilder\IMG_20180708_131113_623.jpg,nope
Bilder\IMG_20180720_190732.jpg,nope
Bilder\IMG_20180722_185601.jpg,nope
Bilder\IMG_20180723_210640.jpg,nope
Bilder\IMG_20180723_211644_478.jpg,nope
Bilder\IMG_20180727_151450_068.jpg,nope
Bilder\IMG_20180729_171952_368.jpg,nope
Bilder\IMG_20180804_092611_300.jpg,nope
Bilder\IMG_20180805_092407_081.jpg,nope
Bilder\IMG_20180814_073411_635.jpg,nope
Bilder\IMG_20180816_072404.jpg,nope
Bilder\IMG_20180816_090535.jpg,nope
Bilder\IMG_20180816_120354.jpg,nope
Bilder\IMG_20180820_080222.jpg,nope
Bilder\IMG_20180820_094411_227.jpg,nope
Bilder\IMG_20180820_094800_536.jpg,nope
Bilder\IMG_20180904_181442.jpg,nope
Bilder\IMG_20180905_080803.jpg,nope
Bilder\IMG_20180905_205825.jpg,nope
Bilder\IMG_20180909_190729_980.jpg,nope
Bilder\IMG_20180916_073012.jpg,nope
Bilder\IMG_20180930_085314.jpg,nope
Bilder\IMG_20180930_085405(1).jpg,nope
Bilder\IMG_20180930_085405.jpg,nope
Bilder\IMG_20180930_094455.jpg,nope
Bilder\IMG_20180930_095856.jpg,nope
Bilder\IMG_20180930_143530_369.jpg,nope
Bilder\IMG_20181010_172142_461.jpg,nope
Bilder\IMG_20181010_172420_206.jpg,palmtree
Bilder\IMG_20181012_103801.jpg,palmtree
Bilder\IMG_20181015_170704_293.jpg,nope
Bilder\IMG_20181015_171201_085.jpg,palmtree
Bilder\IMG_20181017_201116_758.jpg,palmtree
Bilder\IMG_20181017_201311_341.jpg,palmtree
Bilder\IMG_20181017_201937_751.jpg,palmtree
Bilder\IMG_20181017_202833_053.jpg,nope
Bilder\IMG_20181017_203801_232.jpg,palmtree
Bilder\IMG_20181018_083905_615.jpg,nope
Bilder\IMG_20181020_150700.jpg,palmtree
Bilder\IMG_20181020_164139.jpg,nope
Bilder\IMG_20181020_164148.jpg,nope
Bilder\IMG_20181022_181157.jpg,nope
Bilder\IMG_20181026_144317.jpg,palmtree
Bilder\IMG_20181026_144317~2.jpg,palmtree
Bilder\IMG_20181026_165055.jpg,palmtree
Bilder\IMG_20181026_175648_808.jpg,palmtree
Bilder\IMG_20181026_180022_460.jpg,palmtree
Bilder\IMG_20181027_104832.jpg,palmtree
Bilder\IMG_20181029_204254_945.jpg,palmtree
Bilder\IMG_20181029_204546_972.jpg,palmtree
Bilder\IMG_20181119_140236_237.jpg,nope
Bilder\IMG_20181119_140457_747.jpg,nope
Bilder\IMG_20181120_224742_614.jpg,nope
Bilder\IMG_20181208_201320.jpg,palmtree
Bilder\IMG_20181225_154004_024.jpg,nope
Bilder\IMG_20190116_080548_718.jpg,nope
Bilder\IMG_20190124_094305_138.jpg,nope
Bilder\IMG_20190130_171615.jpg,nope
Bilder\IMG_20190204_204000_729.jpg,nope
Bilder\IMG_20190226_143427_452.jpg,nope
Bilder\IMG_20190309_201039.jpg,nope
Bilder\IMG_20190312_184917.jpg,nope
Bilder\IMG_20190312_184917~2.jpg,nope
Bilder\IMG_20190313_184618_619.jpg,nope
Bilder\IMG_20190313_184828_235.jpg,nope
Bilder\IMG_20190326_173914.jpg,nope
Bilder\IMG_20190330_074801_327.jpg,nope
Bilder\IMG_20190401_201715_626.jpg,nope
Bilder\IMG_20190415_111851.jpg,nope
Bilder\IMG_20190417_080117_121.jpg,nope
Bilder\IMG_20190427_121153.jpg,nope
Bilder\IMG_20190514_063359_135.jpg,nope
Bilder\IMG_20190526_195943.jpg,nope
Bilder\IMG_20190527_131405_378.jpg,nope
Bilder\IMG_20190528_210658_404.jpg,nope
Bilder\IMG_20190624_233531_844.jpg,nope
Bilder\IMG_20190624_233531_846.jpg,nope
Bilder\IMG_20190627_021919_774.jpg,nope
Bilder\IMG_20190713_110857-PANO.jpg,nope
Bilder\IMG_20190714_150738.jpg,nope
Bilder\IMG_20190716_174938_530.jpg,nope
Bilder\IMG_20190720_180519_565.jpg,nope
Bilder\IMG_20190801_231024_939~3.jpg,nope
Bilder\IMG_20190804_203827.jpg,nope
Bilder\IMG_20190804_215047_568.jpg,nope
Bilder\IMG_20190809_054125.jpg,nope
Bilder\IMG_20190809_055606.jpg,nope
Bilder\IMG_20190809_055633.jpg,nope
Bilder\IMG_20190809_061606.jpg,nope
Bilder\IMG_20190809_083252.jpg,nope
Bilder\IMG_20190809_135905_256.jpg,nope
Bilder\IMG_20190811_235749_395.jpg,nope
Bilder\IMG_20190814_224250_913.jpg,nope
Bilder\IMG_20190817_134105.jpg,nope
Bilder\IMG_20190825_174632.jpg,nope
Bilder\IMG_20190827_143147.jpg,nope
Bilder\IMG_20190905_115358.jpg,nope
Bilder\IMG_20190906_122450.jpg,nope
Bilder\IMG_20190906_122523.jpg,nope
Bilder\IMG_20190906_171852_370.jpg,nope
Bilder\IMG_20190906_195645.jpg,nope
Bilder\IMG_20190907_170547.jpg,nope
Bilder\IMG_20190908_124757.jpg,nope
Bilder\IMG_20190908_125728.jpg,nope
Bilder\IMG_20190911_081319.jpg,nope
Bilder\IMG_20190922_112423~2.jpg,nope
Bilder\IMG_20190922_174538_537.jpg,nope
Bilder\IMG_20190924_195000.jpg,nope
Bilder\IMG_20190930_065614.jpg,nope
Bilder\IMG_20190930_082717.jpg,nope
Bilder\IMG_20190930_210821_208.jpg,nope
Bilder\IMG_20191002_232651.jpg,nope
Bilder\IMG_20191003_200559.jpg,nope
Bilder\IMG_20191004_153127.jpg,nope
Bilder\IMG_20191006_200622.jpg,nope
Bilder\IMG_20191017_211235_581.jpg,nope
Bilder\IMG_20191018_165804.jpg,nope
Bilder\IMG_20191023_173256.jpg,nope
Bilder\IMG_20191023_173356.jpg,nope
Bilder\IMG_20191023_202838_381.jpg,nope
Bilder\IMG_20191024_175412.jpg,nope
Bilder\IMG_20191027_181637.jpg,nope
Bilder\IMG_20191031_130618.jpg,nope
Bilder\IMG_20191103_165134.jpg,nope
Bilder\IMG_20191107_163520_271.jpg,nope
Bilder\IMG_20191110_173641_507.jpg,nope
Bilder\IMG_20191116_183351_638.jpg,nope
Bilder\IMG_20191201_202150.jpg,palmtree
Bilder\IMG_20191203_213606.jpg,nope
Bilder\IMG_20191203_221358.jpg,nope
Bilder\IMG_20191204_182617_605.jpg,nope
Bilder\IMG_20191205_202522_084.jpg,nope
Bilder\IMG_20191205_203414_919.jpg,nope
Bilder\IMG_20191205_203650_264.jpg,nope
Bilder\IMG_20191207_185643_583.jpg,nope
Bilder\IMG_20191210_170844.jpg,nope
Bilder\IMG_20191212_222702_080.jpg,nope
Bilder\IMG_20191215_185308.jpg,nope
Bilder\IMG_20191216_191820_717.jpg,nope
Bilder\IMG_20191216_193051_529.jpg,nope
Bilder\IMG_20191216_193520_137.jpg,nope
Bilder\IMG_20191216_194318_809.jpg,nope
Bilder\IMG_20191216_194540_656.jpg,nope
Bilder\IMG_20191216_194906_316.jpg,nope
Bilder\IMG_20191216_195308_217.jpg,nope
Bilder\IMG_20191216_195957_374.jpg,nope
Bilder\IMG_20191218_200503_193.jpg,nope
Bilder\IMG_20191218_200758_314.jpg,nope
Bilder\IMG_20191225_095923_648.jpg,nope
Bilder\IMG_20191225_100202_964.jpg,nope
Bilder\IMG_20191225_100320_020.jpg,palmtree
Bilder\IMG_20191231_145608_376.jpg,nope
Bilder\IMG_20200105_171908_199.jpg,nope
Bilder\IMG_20200107_141443_723.jpg,nope
Bilder\IMG_20200107_194626.jpg,nope
Bilder\IMG_20200110_203900_exported_1323_1580499896710.jpg,nope
Bilder\IMG_20200110_205547_exported_240_1580499949483.jpg,nope
Bilder\IMG_20200112_125138_exported_1004_1578843450107.jpg,nope
Bilder\IMG_20200112_135137_083.jpg,nope
Bilder\IMG_20200112_135137_086.jpg,nope
Bilder\IMG_20200112_193435.jpg,nope
Bilder\IMG_20200119_183002.jpg,nope
Bilder\IMG_20200120_144623.jpg,palmtree
Bilder\IMG_20200120_153827_1.jpg,palmtree
Bilder\IMG_20200120_183824.jpg,palmtree
Bilder\IMG_20200121_114004.jpg,palmtree
Bilder\IMG_20200121_133451.jpg,nope
Bilder\IMG_20200121_152245.jpg,nope
Bilder\IMG_20200122_074941.jpg,nope
Bilder\IMG_20200122_075737.jpg,nope
Bilder\IMG_20200122_080434.jpg,nope
Bilder\IMG_20200122_081255.jpg,nope
Bilder\IMG_20200122_172059_exported_0_1579702904598.jpg,nope
Bilder\IMG_20200122_173416.jpg,nope
Bilder\IMG_20200123_113932.jpg,nope
Bilder\IMG_20200126_143450.jpg,nope
Bilder\IMG_20200131_151127.jpg,nope
Bilder\IMG_20200131_151322.jpg,nope
Bilder\IMG_20200131_151400.jpg,nope
Bilder\IMG_20200308_142352.jpg,nope
Bilder\IMG_20200310_125632_540.jpg,nope
Bilder\IMG_20200408_191921_660.jpg,nope
Bilder\IMG_20200507_171515_856.jpg,nope
Bilder\IMG_20200510_110105_247.jpg,nope
Bilder\IMG_20200523_111146.jpg,nope
Bilder\IMG_20200601_143526_877.jpg,nope
Bilder\IMG_20200606_095338_306.jpg,nope
Bilder\IMG_20200611_185547_661.jpg,nope
Bilder\IMG_20200612_191159.jpg,nope
Bilder\IMG_20200612_205747.jpg,nope
Bilder\IMG_20200626_185845.jpg,nope
Bilder\IMG_20200626_185935~2.jpg,nope
Bilder\IMG_20200626_190055.jpg,nope
Bilder\IMG_20200627_082738.jpg,nope
Bilder\IMG_20200629_225931_752.jpg,nope
Bilder\IMG_20200704_075319.jpg,nope
Bilder\IMG_20200709_191404.jpg,nope
Bilder\IMG_20200718_090720.jpg,nope
Bilder\IMG_20200721_210602.jpg,nope
Bilder\IMG_20200722_053217.jpg,nope
Bilder\IMG_20200725_073849.jpg,nope
Bilder\IMG_20200725_081331.jpg,nope
Bilder\IMG_20200731_074107~2_exported_33_1596472285617.jpg,nope
Bilder\IMG_20200801_090331.jpg,nope
Bilder\IMG_20200801_090331~2.jpg,nope
Bilder\IMG_20200801_103046~2.jpg,nope
Bilder\IMG_20200801_103049.jpg,nope
Bilder\IMG_20200801_191549.jpg,nope
Bilder\IMG_20200809_230624_782.jpg,nope
Bilder\IMG_20200812_090559.jpg,nope
Bilder\IMG_20200812_090907.jpg,nope
Bilder\IMG_20200812_124335.jpg,nope
Bilder\IMG_20200815_082916_998.jpg,nope
Bilder\IMG_20200815_180949_606.jpg,palmtree
Bilder\IMG_20200823_151611.jpg,nope
Bilder\IMG_20200825_154630.jpg,nope
Bilder\IMG_20200825_155124~2.jpg,nope
Bilder\IMG_20200825_180219.jpg,nope
Bilder\IMG_20200825_181405.jpg,nope
Bilder\IMG_20200825_181523.jpg,nope
Bilder\IMG_20200825_201948.jpg,nope
Bilder\IMG_20200826_075439.jpg,nope
Bilder\IMG_20200826_082010.jpg,nope
Bilder\IMG_20200826_083435.jpg,nope
Bilder\IMG_20200826_083509.jpg,nope
Bilder\IMG_20200826_083509_1.jpg,nope
Bilder\IMG_20200826_083512.jpg,nope
Bilder\IMG_20200826_115709.jpg,nope
Bilder\IMG_20200829_093440.jpg,nope
Bilder\IMG_20200903_195239.jpg,nope
Bilder\IMG_20200903_195249.jpg,nope
Bilder\IMG_20200904_064437-PANO.jpg,nope
Bilder\IMG_20200904_075505.jpg,nope
Bilder\IMG_20200904_085752.jpg,nope
Bilder\IMG_20200904_150040.jpg,nope
Bilder\IMG_20200904_150711.jpg,nope
Bilder\IMG_20200918_104533.jpg,nope
Bilder\IMG_20200919_071422.jpg,nope
Bilder\IMG_20200919_073922.jpg,nope
Bilder\IMG_20200919_085457~2.jpg,nope
Bilder\IMG_20200919_191102.jpg,nope
Bilder\IMG_20200920_132459.jpg,nope
Bilder\IMG_20200926_102700.jpg,nope
Bilder\IMG_20200926_222212.jpg,nope
Bilder\IMG_20200926_222349.jpg,nope
Bilder\IMG_20200926_223149.jpg,nope
Bilder\IMG_20200926_224231.jpg,nope
Bilder\IMG_20200927_112458.jpg,nope
Bilder\IMG_20201002_182800.jpg,nope
Bilder\IMG_20201002_183535.jpg,nope
Bilder\IMG_20201004_063928-PANO.jpg,nope
Bilder\IMG_20201004_063951~2.jpg,nope
Bilder\IMG_20201004_081701.jpg,nope
Bilder\IMG_20201009_200202.jpg,nope
Bilder\IMG_20201010_142443~2.jpg,nope
Bilder\IMG_20201015_191921_044.jpg,nope
Bilder\IMG_20201018_165320_010.jpg,nope
Bilder\IMG_20201025_133126.jpg,nope
Bilder\IMG_20201025_133138.jpg,nope
Bilder\IMG_20201025_183127~2.jpg,nope
Bilder\IMG_20201031_232438_276.jpg,nope
Bilder\IMG_20201112_102752_210.jpg,nope
Bilder\IMG_20201121_090252.jpg,nope
Bilder\IMG_20201121_100739.jpg,nope
Bilder\IMG_20201127_190649.jpg,nope
Bilder\IMG_20201128_093850.jpg,nope
Bilder\IMG_20201128_134134_297.jpg,nope
Bilder\IMG_20201212_141438.jpg,nope
Bilder\IMG_20210110_105738.jpg,nope
Bilder\IMG_20210112_210154.jpg,nope
Bilder\IMG_20210116_150646~2.jpg,nope
Bilder\IMG_20210116_150652~2.jpg,nope
Bilder\IMG_20210121_110009.jpg,nope
Bilder\IMG_20210122_091009~2.jpg,nope
Bilder\IMG_20210122_103227~2.jpg,nope
Bilder\IMG_20210210_213853_636.jpg,nope
Bilder\IMG_20210228_152802_436.jpg,nope
Bilder\IMG_20210228_175337.jpg,nope
Bilder\IMG_20210228_184253.jpg,nope
Bilder\IMG_20210302_180139.jpg,nope
Bilder\IMG_20210319_210141_290.jpg,nope
Bilder\IMG_20210323_194155.jpg,nope
Bilder\IMG_20210325_131253_092~2.jpg,nope
Bilder\IMG_20210325_185135.jpg,nope
Bilder\IMG_20210325_185919~2.jpg,nope
Bilder\IMG_20210325_190254.jpg,nope
Bilder\IMG_20210402_101847.jpg,nope
Bilder\IMG_2745.JPG,nope
Bilder\IMG_2776.JPG,palmtree
Bilder\IMG_4177.JPG,palmtree
